{
    "train_accuracy": [
        0.8109598214285715,
        0.8688169642857143,
        0.87265625,
        0.8788169642857143,
        0.8868526785714286,
        0.8941294642857143,
        0.8996651785714286,
        0.9091741071428572
    ],
    "val_accuracy": [
        0.8671875,
        0.8694069602272727,
        0.8762428977272727,
        0.8810369318181818,
        0.8810369318181818,
        0.8807705965909091,
        0.8828125,
        0.8804154829545454
    ],
    "train_loss": [
        0.42386933045727865,
        0.2988107530559812,
        0.2804481220671109,
        0.26791915144239153,
        0.25383599694286074,
        0.24143895204578128,
        0.2312076386809349,
        0.21617084703275136
    ],
    "val_loss": [
        0.3132637027989734,
        0.290178059515628,
        0.2728116058490493,
        0.26581060750917956,
        0.2645814229141582,
        0.2646219725297256,
        0.26095155389471486,
        0.2718081614849242
    ]
}