{
    "train_accuracy": [
        0.8274330357142857,
        0.8609598214285714,
        0.8662053571428572,
        0.8701785714285715,
        0.8737053571428571,
        0.8766517857142857,
        0.87828125,
        0.8819196428571429
    ],
    "val_accuracy": [
        0.8573330965909091,
        0.8639914772727273,
        0.8695845170454546,
        0.8717151988636364,
        0.8720703125,
        0.8739346590909091,
        0.8754438920454546,
        0.8784623579545454
    ],
    "train_loss": [
        0.43984145087855203,
        0.3167502015829086,
        0.29879268045936314,
        0.28699067660740446,
        0.2790197292821748,
        0.2731090004103524,
        0.26596951757158555,
        0.25878296873399187
    ],
    "val_loss": [
        0.32922388647090306,
        0.30033894001760264,
        0.2892102248628031,
        0.28159859691831196,
        0.2787976119328629,
        0.2748303208500147,
        0.27172971195117995,
        0.26977488584816456
    ]
}