{
    "train_accuracy": [
        0.8515178571428571,
        0.8527008928571429,
        0.853125,
        0.8533258928571429,
        0.8534598214285715,
        0.8540401785714286,
        0.8548214285714286,
        0.8550223214285714,
        0.8557142857142858,
        0.8560267857142857
    ],
    "val_accuracy": [
        0.8533380681818182,
        0.8411754261363636,
        0.8526278409090909,
        0.84375,
        0.8534268465909091,
        0.8546697443181818,
        0.8551136363636364,
        0.8542258522727273,
        0.8533380681818182,
        0.8544034090909091
    ],
    "train_loss": [
        0.3579631609576089,
        0.35010438246386394,
        0.34441449659211293,
        0.34051074862480163,
        0.33689708854470934,
        0.3340359428099224,
        0.329555039363248,
        0.3260663207513945,
        0.3249477795617921,
        0.3233342856168747
    ],
    "val_loss": [
        0.3491418378596956,
        0.38404071500355547,
        0.3449969803067771,
        0.3744118785993619,
        0.3377290147949349,
        0.33355960791761224,
        0.32502771710807626,
        0.33232053233818576,
        0.3326031609692357,
        0.327625456858765
    ]
}